{
    "accuracy": 0.6606270990319758,
    "f1": 0.6400037666254038
}
